{
  "globalData": {
    "battlefieldTint": {
      "b": 0.258823529411765,
      "g": 0.258823529411765,
      "r": 0.258823529411765
    },
    "hostName": "tieren"
  }
}
